{
    "rlimit": {
        "data": -1,
        "stack": -1
    },
    "perf": [
        {
            "stat": [
                "main",
                "entry",
                0.029824972152709961,
                0.052958999999999999,
                0.016888,
                212996,
                212996,
                0.0,
                0.0,
                1666139781.140691,
                1096541842513859
            ],
            "sub": [
                {
                    "stat": [
                        "doParsingAndDesignResolution",
                        "entry",
                        0.31144595146179199,
                        0.112096,
                        0.026159000000000002,
                        284120,
                        284600,
                        0.0,
                        0.0,
                        1666139781.422312,
                        1096542657199549
                    ],
                    "sub": []
                },
                {
                    "stat": [
                        "doParsingAndDesignResolution",
                        "exit",
                        0.34460783004760742,
                        0.12804199999999999,
                        0.031005000000000001,
                        285020,
                        285668,
                        0.0,
                        0.0,
                        1666139781.4554739,
                        1096542753187670
                    ],
                    "sub": []
                },
                {
                    "stat": [
                        "doPostDesignResolutionToVir2Vcs",
                        "entry",
                        0.35092592239379883,
                        0.12804199999999999,
                        0.032219999999999999,
                        285156,
                        285668,
                        0.0,
                        0.0,
                        1666139781.461792,
                        1096542771482926
                    ],
                    "sub": [
                        {
                            "stat": [
                                "doUptoVir2VcsNoSepCleanup",
                                "entry",
                                0.38941788673400879,
                                0.133298,
                                0.034945999999999998,
                                286048,
                                286052,
                                0.0,
                                0.0,
                                1666139781.500284,
                                1096542882824611
                            ],
                            "sub": []
                        },
                        {
                            "stat": [
                                "doUptoVir2VcsNoSepCleanup",
                                "exit",
                                0.51171994209289551,
                                0.15168499999999999,
                                0.043989,
                                287952,
                                300336,
                                0.0,
                                0.0,
                                1666139781.622586,
                                1096543236844247
                            ],
                            "sub": []
                        },
                        {
                            "stat": [
                                "doRadify_vir2vcsAll",
                                "entry",
                                0.51184582710266113,
                                0.151752,
                                0.044007999999999999,
                                287952,
                                300336,
                                0.0,
                                0.0,
                                1666139781.6227119,
                                1096543237107010
                            ],
                            "sub": []
                        },
                        {
                            "stat": [
                                "doRadify_vir2vcsAll",
                                "exit",
                                0.52540087699890137,
                                0.154835,
                                0.046871999999999997,
                                288988,
                                300336,
                                0.0,
                                0.0,
                                1666139781.6362669,
                                1096543276264524
                            ],
                            "sub": []
                        }
                    ]
                },
                {
                    "stat": [
                        "doPostDesignResolutionToVir2Vcs",
                        "exit",
                        0.5254509449005127,
                        0.15487500000000001,
                        0.046884000000000002,
                        288988,
                        300336,
                        0.0,
                        0.0,
                        1666139781.636317,
                        1096543276318868
                    ],
                    "sub": []
                },
                {
                    "stat": [
                        "doGAToPass2",
                        "entry",
                        0.5254669189453125,
                        0.154888,
                        0.046887999999999999,
                        288988,
                        300336,
                        0.0,
                        0.0,
                        1666139781.636333,
                        1096543276366300
                    ],
                    "sub": [
                        {
                            "stat": [
                                "DoPass2",
                                "entry",
                                0.54616689682006836,
                                0.15648599999999999,
                                0.048335000000000003,
                                287564,
                                300336,
                                0.0,
                                0.0,
                                1666139781.657033,
                                1096543336375060
                            ],
                            "sub": []
                        },
                        {
                            "stat": [
                                "DoPass2",
                                "exit",
                                0.81109881401062012,
                                0.23382700000000001,
                                0.067836999999999995,
                                299264,
                                300336,
                                0.0011379999999999999,
                                0.003395,
                                1666139781.9219649,
                                1096544102958604
                            ],
                            "sub": []
                        }
                    ]
                },
                {
                    "stat": [
                        "doGAToPass2",
                        "exit",
                        0.82642698287963867,
                        0.237786,
                        0.069112000000000007,
                        299264,
                        300336,
                        0.0011379999999999999,
                        0.003395,
                        1666139781.9372931,
                        1096544147253493
                    ],