{
    "cycles_program_begin": 134768956073216,
    "stat": {
        "nMops": 11068,
        "ru_self_cgstart": {
            "ru_utime_sec": 0.19702,
            "ru_nvcsw": 303,
            "ru_maxrss_kb": 117076,
            "ru_stime_sec": 0.038965,
            "ru_majflt": 0,
            "ru_minflt": 10020,
            "ru_nivcsw": 2
        },
        "ru_childs_cgstart": {
            "ru_utime_sec": 0.0,
            "ru_nvcsw": 0,
            "ru_maxrss_kb": 0,
            "ru_stime_sec": 0.0,
            "ru_majflt": 0,
            "ru_minflt": 0,
            "ru_nivcsw": 0
        },
        "CodeGen(%)": 37.869747846159669,
        "cpu_cycles_end": 134770409624173,
        "cpu_cycles_cgstart": 134769880312941,
        "outputSizePerQuad": 61.639359061160008,
        "totalObjSize": 273124,
        "Frontend(%)": 62.130252153840338,
        "cpu_cycles_total": 1453550957,
        "nQuads": 4431,
        "quadSpeed": 36897.941509559656,
        "ru_self_end": {
            "ru_utime_sec": 0.317108,
            "ru_nvcsw": 397,
            "ru_maxrss_kb": 129868,
            "ru_stime_sec": 0.053282000000000003,
            "ru_majflt": 0,
            "ru_minflt": 13673,
            "ru_nivcsw": 3
        },
        "ru_childs_end": {
            "ru_utime_sec": 0.0,
            "ru_nvcsw": 4,
            "ru_maxrss_kb": 26752,
            "ru_stime_sec": 0.0048260000000000004,
            "ru_majflt": 0,
            "ru_minflt": 203,
            "ru_nivcsw": 1
        },
        "mopSpeed": 92165.745120245148,
        "mop/quad": 2.4978560144436921,
        "peak_mem_kb": 301664,
        "realTime": 0.52508187294006348
    },
    "NameTable": {
        "system_tb": [
            "system_tb",
            "VBwYT",
            "module",
            4
        ],
        "std": [
            "std",
            "reYIK",
            "module",
            1
        ],
        "...MASTER...": [
            "SIM",
            "amcQw",
            "module",
            3
        ]
    },
    "CompileProcesses": [
        "cgproc.2463.json"
    ],
    "cpu_cycles_pass2_start": 134769880191721,
    "perf": [
        {
            "stat": [
                "main",
                "entry",
                0.022720813751220703,
                0.042007999999999997,
                0.0094610000000000007,
                212996,
                212996,
                0.0,
                0.0,
                1666373153.3997979,
                134768956300918
            ],
            "sub": [
                {
                    "stat": [
                        "doParsingAndDesignResolution",
                        "entry",
                        0.1255338191986084,
                        0.091078999999999993,
                        0.018817,
                        284120,
                        284600,
                        0.0,
                        0.0,
                        1666373153.5026109,
                        134769253819039
                    ],
                    "sub": []
                },
                {
                    "stat": [
                        "doParsingAndDesignResolution",
                        "exit",
                        0.15297985076904297,
                        0.10864600000000001,
                        0.023705,
                        285040,
                        285688,
                        0.0,
                        0.0,
                        1666373153.530057,
                        134769333210063
                    ],
                    "sub": []
                },
                {
                    "stat": [
                        "doPostDesignResolutionToVir2Vcs",
                        "entry",
                        0.15883684158325195,
                        0.10872,
                        0.025360000000000001,
                        285212,
                        285688,
                        0.0,
                        0.0,
                        1666373153.5359139,
                        134769350168203
                    ],
                    "sub": [
                        {
                            "stat": [
                                "doUptoVir2VcsNoSepCleanup",
                                "entry",
                                0.18648600578308105,
                                0.122418,
                                0.028524999999999998,
                                290284,
                                290288,
                                0.0,
                                0.0,
                                1666373153.5635631,
                                134769430138519
                            ],
                            "sub": []
                        },
                        {
                            "stat": [
                                "doUptoVir2VcsNoSepCleanup",
                                "exit",
                                0.30396080017089844,
                                0.18440400000000001,
                                0.035831000000000002,
                                301044,
                                301084,
                                0.0,
                                0.0,
                                1666373153.6810379,
                                134769770094387
                            ],
                            "sub": []
                        },
                        {
                            "stat": [
                                "doRadify_vir2vcsAll",
                                "entry",
                                0.30404400825500488,
                                0.184476,
                                0.035845000000000002,
                                301044,
                                301084,
                                0.0,
                                0.0,
                                1666373153.6811211,
                                134769770244491
                            ],
                            "sub": []
                        },
                        {
                            "stat": [
                                "doRadify_vir2vcsAll",
                                "exit",
                                0.32209396362304688,
                                0.195599,
                                0.036229999999999998,
                                301044,
                                301084,
                                0.0,
                                0.0,
                                1666373153.6991711,
                                134769822583232
                            ],
                            "sub": []
                        }
                    ]
                },
                {
                    "stat": [
                        "doPostDesignResolutionToVir2Vcs",
                        "exit",
                        0.32216978073120117,
                        0.19566500000000001,
                        0.036242999999999997,
                        301044,
                        301084,
                        0.0,
                        0.0,
                        1666373153.6992469,
                        134769822692337
                    ],
                    "sub": []
                },
                {
                    "stat": [
                        "doGAToPass2",
                        "entry",
                        0.3222038745880127,
                        0.19569400000000001,
                        0.036248000000000002,
                        301044,
                        301084,
                        0.0,
                        0.0,
                        1666373153.699281,
                        134769822772370
                    ],