{
    "Modules": {
        "...MASTER...": {
            "child_modules": {
                "system_tb": 1,
                "std": 1
            },
            "start_perf": [
                0.34217381477355957,
                0.19708100000000001,
                0.038976999999999998,
                299620,
                301084,
                1666373153.7192509,
                134769880582605
            ],
            "nRouts": 5,
            "end_perf": [
                0.35960292816162109,
                0.199711,
                0.041722000000000002,
                299644,
                301084,
                134769931206872,
                0,
                0
            ],
            "nQuads": 0,
            "nMops": 0
        },
        "system_tb": {
            "start_perf": [
                0.37469887733459473,
                0.20574500000000001,
                0.043825000000000003,
                299676,
                301084,
                1666373153.751776,
                134769974689907
            ],
            "child_modules": {},
            "nMops": 10540,
            "Compiled": "Yes",
            "significant_routs": [
                [
                    302,
                    "R_VCSgd_VBwYT_12e",
                    4877774,
                    2975,
                    372
                ],
                [
                    309,
                    "R_VCSgd_VBwYT_135",
                    4642537,
                    2294,
                    307
                ]
            ],
            "Compiled Times": 2,
            "end_perf": [
                0.49621987342834473,
                0.31169400000000003,
                0.048370999999999997,
                301636,
                301640,
                134770326458532,
                52954962350,
                0
            ],
            "nQuads": 4213,
            "nRouts": 489
        },
        "std": {
            "start_perf": [
                0.35984587669372559,
                0.199711,
                0.041953999999999998,
                299644,
                301084,
                1666373153.736923,
                134769931756787
            ],
            "child_modules": {},
            "svclass": [
                "$vcs_nba_dyn_obj",
                0,
                35,
                2,
                2,
                0,
                0,
                "sigprop$$",
                0,
                35,
                2,
                2,
                0,
                0,
                "process",
                0,
                200,
                8,
                8,
                0,
                0,
                "event",
                0,
                34,
                2,
                2,
                0,
                0,
                "mailbox",
                0,
                140,
                9,
                9,
                0,
                0,
                "semaphore",
                0,
                84,
                5,
                5,
                0,
                0
            ],
            "Compiled": "Yes",
            "Compiled Times": 76,
            "end_perf": [
                0.37458586692810059,
                0.20563899999999999,
                0.043825000000000003,
                299676,
                301084,
                134769974419649,
                0,
                0
            ],
            "num_classes": 6,
            "nQuads": 218,
            "nMops": 528,
            "nRouts": 33
        }
    },
    "CompUnits": {
        "VBwYT_d": {
            "mod": "system_tb",
            "archive": "archive.75/_2463_archive_1.a",
            "out": "VBwYT_d.o",
            "mode": 4,
            "bytes": 170274,
            "checksum": 0,
            "text": 92215
        }
    },
    "reusePaths": {
        "reYIK_d": {
            "icPath": "csrc"
        },
        "amcQw_d": {
            "icPath": "csrc"
        }
    },
    "ObjArchives": [
        {
            "archive": "archive.75/_2463_archive_1.a",
            "objects": [
                [
                    "VBwYT_d.o",
                    170274
                ],
                [
                    "amcQwB.o",
                    102850
                ]
            ],
            "size": 273124
        }
    ],
    "stat": {
        "ru_self_end": {
            "ru_utime_sec": 0.31653599999999998,
            "ru_nvcsw": 393,
            "ru_maxrss_kb": 129868,
            "ru_stime_sec": 0.053282000000000003,
            "ru_majflt": 0,
            "ru_minflt": 13670,
            "ru_nivcsw": 3
        },
        "ru_childs_end": {
            "ru_utime_sec": 0.0,
            "ru_nvcsw": 4,
            "ru_maxrss_kb": 26752,
            "ru_stime_sec": 0.0048260000000000004,
            "ru_majflt": 0,
            "ru_minflt": 203,
            "ru_nivcsw": 1
        },
        "cpu_cycles_end": 134770401698863,
        "peak_mem_kb": 301664
    }
}