{
    "ObjArchives": [
        {
            "archive": "archive.57/_31833_archive_1.a",
            "objects": [
                [
                    "rZ3my_d.o",
                    76488
                ],
                [
                    "amcQwB.o",
                    102106
                ]
            ],
            "size": 178594
        }
    ],
    "Modules": {
        "uart2uart_tb": {
            "nQuads": 1800,
            "Compiled": "Yes",
            "start_perf": [
                0.58302092552185059,
                0.15922600000000001,
                0.046855000000000001,
                290080,
                300392,
                1666139800.8841469,
                1096598966543308
            ],
            "end_perf": [
                0.66382694244384766,
                0.225327,
                0.049909000000000002,
                298144,
                300392,
                1096599200414041,
                164766348331,
                0
            ],
            "child_modules": {},
            "Compiled Times": 1,
            "nMops": 4399,
            "nRouts": 218
        },
        "...MASTER...": {
            "nQuads": 0,
            "start_perf": [
                0.53463292121887207,
                0.15319199999999999,
                0.040869000000000003,
                287620,
                300392,
                1666139800.8357589,
                1096598826519841
            ],
            "end_perf": [
                0.56525492668151855,
                0.15673100000000001,
                0.042313000000000003,
                290040,
                300392,
                1096598915202355,
                0,
                0
            ],
            "child_modules": {
                "uart2uart_tb": 1,
                "std": 1
            },
            "nMops": 0,
            "nRouts": 5
        },
        "std": {
            "start_perf": [
                0.56539011001586914,
                0.15683800000000001,
                0.042341999999999998,
                290040,
                300392,
                1666139800.8665161,
                1096598915522643
            ],
            "Compiled": "Yes",
            "nQuads": 218,
            "end_perf": [
                0.58293795585632324,
                0.159161,
                0.046836000000000003,
                290080,
                300392,
                1096598966364234,
                0,
                0
            ],
            "child_modules": {},
            "Compiled Times": 58,
            "svclass": [
                "$vcs_nba_dyn_obj",
                0,
                35,
                2,
                2,
                0,
                0,
                "sigprop$$",
                0,
                35,
                2,
                2,
                0,
                0,
                "process",
                0,
                200,
                8,
                8,
                0,
                0,
                "event",
                0,
                34,
                2,
                2,
                0,
                0,
                "mailbox",
                0,
                140,
                9,
                9,
                0,
                0,
                "semaphore",
                0,
                84,
                5,
                5,
                0,
                0
            ],
            "num_classes": 6,
            "nMops": 528,
            "nRouts": 33
        }
    },
    "CompUnits": {
        "amcQw_d": {
            "mode": 4,
            "mod": "...MASTER...",
            "bytes": 7692,
            "out": "objs/amcQw_d.o",
            "text": 434,
            "checksum": 0
        },
        "rZ3my_d": {
            "archive": "archive.57/_31833_archive_1.a",
            "mode": 4,
            "mod": "uart2uart_tb",
            "bytes": 76488,
            "out": "rZ3my_d.o",
            "text": 40101,
            "checksum": 0
        }
    },
    "reusePaths": {
        "reYIK_d": {
            "icPath": "csrc"
        }
    },
    "stat": {
        "cpu_cycles_end": 1096599363478021,
        "ru_self_end": {
            "ru_utime_sec": 0.22941900000000001,
            "ru_stime_sec": 0.052623000000000003,
            "ru_nvcsw": 396,
            "ru_majflt": 1,
            "ru_maxrss_kb": 123128,
            "ru_minflt": 11868,
            "ru_nivcsw": 34
        },
        "ru_childs_end": {
            "ru_utime_sec": 0.0013780000000000001,
            "ru_stime_sec": 0.0026700000000000001,
            "ru_nvcsw": 6,
            "ru_majflt": 0,
            "ru_maxrss_kb": 22664,
            "ru_minflt": 205,
            "ru_nivcsw": 1
        },
        "peak_mem_kb": 300392
    }
}