{
    "stat": {
        "peak_mem_kb": 299664,
        "nMops": 1614,
        "ru_self_cgstart": {
            "ru_utime_sec": 0.117091,
            "ru_stime_sec": 0.036141,
            "ru_nivcsw": 6,
            "ru_nvcsw": 298,
            "ru_maxrss_kb": 110992,
            "ru_minflt": 8858,
            "ru_majflt": 0
        },
        "ru_childs_cgstart": {
            "ru_utime_sec": 0.0,
            "ru_stime_sec": 0.0,
            "ru_nivcsw": 0,
            "ru_nvcsw": 0,
            "ru_maxrss_kb": 0,
            "ru_minflt": 0,
            "ru_majflt": 0
        },
        "cpu_cycles_end": 217486982423343,
        "cpu_cycles_cgstart": 217486562445041,
        "Frontend(%)": 81.844616083598368,
        "nQuads": 723,
        "totalObjSize": 174450,
        "ru_self_end": {
            "ru_utime_sec": 0.14222899999999999,
            "ru_stime_sec": 0.045832999999999999,
            "ru_nivcsw": 6,
            "ru_nvcsw": 425,
            "ru_maxrss_kb": 121124,
            "ru_minflt": 11253,
            "ru_majflt": 0
        },
        "ru_childs_end": {
            "ru_utime_sec": 0.00083600000000000005,
            "ru_stime_sec": 0.002594,
            "ru_nivcsw": 1,
            "ru_nvcsw": 7,
            "ru_maxrss_kb": 21976,
            "ru_minflt": 205,
            "ru_majflt": 0
        },
        "mop/quad": 2.2323651452282158,
        "cpu_cycles_total": 1259610480,
        "outputSizePerQuad": 241.2863070539419,
        "mopSpeed": 62139.062139062145,
        "quadSpeed": 27835.527835527839,
        "CodeGen(%)": 18.155383916401632,
        "realTime": 0.45849490165710449
    },
    "PEModules": [],
    "cycles_program_begin": 217485722812863,
    "CurCompileUdps": {},
    "perf": [
        {
            "stat": [
                "main",
                "entry",
                0.023166894912719727,
                0.041429000000000001,
                0.018638999999999999,
                212992,
                212992,
                0.0,
                0.0,
                1662752198.7009239,
                217485723076656
            ],
            "sub": [
                {
                    "stat": [
                        "doParsingAndDesignResolution",
                        "entry",
                        0.098475933074951172,
                        0.089648000000000005,
                        0.023453999999999999,
                        283924,
                        284592,
                        0.0,
                        0.0,
                        1662752198.776233,
                        217485940925197
                    ],
                    "sub": []
                },
                {
                    "stat": [
                        "doParsingAndDesignResolution",
                        "exit",
                        0.11123800277709961,
                        0.092774999999999996,
                        0.026276000000000001,
                        284808,
                        285456,
                        0.0,
                        0.0,
                        1662752198.788995,
                        217485978335364
                    ],
                    "sub": []
                },
                {
                    "stat": [
                        "doPostDesignResolutionToVir2Vcs",
                        "entry",
                        0.11736488342285156,
                        0.093746999999999997,
                        0.026386,
                        284944,
                        285456,
                        0.0,
                        0.0,
                        1662752198.7951219,
                        217485995582221
                    ],
                    "sub": [
                        {
                            "stat": [
                                "doUptoVir2VcsNoSepCleanup",
                                "entry",
                                0.14126896858215332,
                                0.098205000000000001,
                                0.027296999999999998,
                                285948,
                                285952,
                                0.0,
                                0.0,
                                1662752198.819026,
                                217486064766138
                            ],
                            "sub": []
                        },
                        {
                            "stat": [
                                "doUptoVir2VcsNoSepCleanup",
                                "exit",
                                0.23311090469360352,
                                0.114311,
                                0.032016000000000003,
                                287288,
                                299664,
                                0.0,
                                0.0,
                                1662752198.9108679,
                                217486330541396
                            ],
                            "sub": []
                        },
                        {
                            "stat": [
                                "doRadify_vir2vcsAll",
                                "entry",
                                0.23318386077880859,
                                0.114311,
                                0.032072000000000003,
                                287288,
                                299664,
                                0.0,
                                0.0,
                                1662752198.9109409,
                                217486330636400
                            ],
                            "sub": []
                        },
                        {
                            "stat": [
                                "doRadify_vir2vcsAll",
                                "exit",
                                0.27911496162414551,
                                0.117091,
                                0.033925999999999998,
                                288208,
                                299664,
                                0.0,
                                0.0,
                                1662752198.956872,
                                217486463599788
                            ],
                            "sub": []
                        }
                    ]
                },
                {
                    "stat": [
                        "doPostDesignResolutionToVir2Vcs",
                        "exit",
                        0.27916097640991211,
                        0.117091,
                        0.03397,
                        288208,
                        299664,
                        0.0,
                        0.0,
                        1662752198.956918,
                        217486463660655
                    ],
                    "sub": []
                },
                {
                    "stat": [
                        "doGAToPass2",
                        "entry",
                        0.27918004989624023,
                        0.117091,
                        0.033988999999999998,
                        288208,
                        299664,
                        0.0,
                        0.0,
                        1662752198.9569371,
                        217486463704265
                    ],